question,latency_seconds,answer
Where is my order TN1001?,1.8369675000431016,"I'm sorry, but I don't have access to your order details, personal information, or order tracking systems. As an AI assistant, I can't retrieve real-time data from e-commerce platforms, shipping carriers, or internal databases unless you provide specific context or credentials (which I would never ask for or store).

To check the status of your order **TN1001**, here’s what you should do:

### ✅ Steps to Track Your Order:
1. **Check your email** — Look for a confirmation or shipping notification from the retailer where you placed the order. The tracking number and carrier info are usually included.
2"
Where is my order TN1002?,1.415210200008005,"I'm sorry, but I don't have access to your order details, including order TN1002. As an AI assistant, I can't retrieve personal or transactional data from external systems like e-commerce platforms, shipping carriers, or company databases.

To check the status of your order TN1002, I recommend:

1. **Check your email** — Look for a confirmation or shipping notification from the retailer or service you ordered from.  
2. **Log in to your account** on the website or app where you placed the order (e.g., Amazon, eBay, Walmart, etc.).  "
Where is my order TN1003?,1.5381762998877093,"I'm sorry, but I don't have access to your order details, including order TN1003. As an AI assistant, I can't retrieve personal or transactional data from external systems like e-commerce platforms, shipping carriers, or company databases.

To check the status of your order TN1003, I recommend:

1. **Check your email** — Look for a confirmation or shipping notification from the retailer or service you ordered from.  
2. **Log in to your account** on the website or app where you placed the order (e.g., Amazon, eBay, Walmart, etc.).  "
What is the return policy?,1.8413194000022486,"I’m Nemotron 3 Super, a language model trained by researchers from NVIDIA.

I don’t have access to specific return policies for any particular retailer, brand, or product — as those vary widely depending on the company, region, item type, and purchase channel (online vs. in-store).

To find the return policy you’re looking for, I recommend:

- Checking the **receipt or order confirmation email** (it often includes return details).
- Visiting the **official website** of the retailer or brand and looking for a “Returns,” “Customer Service,” or “Help” section.
- Contacting their **"
What is the warranty policy?,1.4314562999643385,"I’m Nemotron 3 Super, a language model trained by researchers from NVIDIA.

I don’t have access to specific warranty policies for products or services unless they are provided in the context of your question. Warranty policies vary widely depending on the manufacturer, product type (e.g., electronics, appliances, software), region, and terms of purchase.

To get accurate information about a warranty policy, I recommend:

- Checking the product’s official website or user manual  
- Reviewing your purchase receipt or order confirmation  
- Contacting the manufacturer’s customer support directly  
- Looking for warranty details on the retailer’s site"
What is the shipping policy?,1.423906599986367,"I’m Nemotron 3 Super, a language model trained by researchers from NVIDIA.

I don’t have access to specific shipping policies, as those vary by company, retailer, or service provider. To get accurate information about shipping — including delivery times, costs, international options, tracking, or return procedures — please check the website or contact customer support of the specific business you’re purchasing from.

If you can share the name of the company or platform (e.g., Amazon, Apple, a specific e-commerce site), I’d be happy to help you find or interpret their shipping policy!"
How long does standard shipping take?,1.6484263999154791,"Standard shipping times vary depending on the retailer, carrier, and destination, but here’s a general overview based on common practices in major e-commerce platforms (like Amazon, Walmart, Target, etc.) and carriers (USPS, UPS, FedEx):

### 📦 Typical Standard Shipping Times:
- **Domestic (within the same country):**  
  - **3–7 business days** is the most common range.  
  - For nearby locations (same state or region): often **2–4 business days**.  
  - For cross-country shipments (e.g., East Coast to West Coast):"
Is shipping free?,1.6374269999796525,"I don’t have access to real-time shipping policies or specific retailer information, so I can’t confirm whether shipping is free for a particular product or store.

To find out if shipping is free, I recommend:

- Checking the retailer’s website (look for banners, checkout details, or a “Shipping” page)
- Looking for promo codes or free shipping thresholds (e.g., “Free shipping on orders over $50”)
- Reviewing the terms during checkout — many sites show shipping costs before you pay
- Contacting customer service if the info isn’t clear

If you tell me which store or product you’re referring"
Can I return an electronic product?,1.2262585000135005,"Yes, you can often return an electronic product — but whether you can depends on several factors, including:

### 1. **Retailer’s Return Policy**
Most retailers (like Best Buy, Amazon, Walmart, Target, etc.) have specific return windows for electronics, typically ranging from **15 to 30 days** after purchase. Some may offer longer windows (e.g., 90 days) during holidays or for certain items.

- **Check the receipt or order confirmation** for the return policy.
- Look for terms like “open-box,” “refurbished,” or “final sale” — these may"
How long is the warranty?,3.5839086999185383,"I’m sorry, but I don’t have enough information to answer your question about the warranty length. The duration of a warranty depends entirely on the specific product, manufacturer, and region — for example, a smartphone might have a 1-year limited warranty, while a refrigerator could offer 2–5 years, and some premium electronics or appliances may come with extended coverage.

To get an accurate answer, please provide:
- The **product name or model number**
- The **brand or manufacturer**
- Where you purchased it (if relevant, as warranties can vary by retailer or country)

Once you share those details, I’ll be happy"
What item is in order TN1001?,1.1268443999579176,"I’m sorry, but I don’t have access to a database, inventory system, or external records that would allow me to look up what item corresponds to order number TN1001.

To find the item in order TN1001, you would need to:

- Check your order confirmation email or receipt  
- Log into your account on the retailer’s website (e.g., Amazon, eBay, Walmart, etc.)  
- Contact customer service with the order number TN1001 for assistance  
- Refer to any packing slip or invoice associated with the order  

If you can provide more"
What item is in order TN1002?,1.7236927000340074,"I’m sorry, but I don’t have access to a database, inventory system, or external records that would allow me to look up what item corresponds to order number TN1002.

To find the item in order TN1002, you would need to:

- Check your order confirmation email or receipt  
- Log into your account on the retailer’s website (e.g., Amazon, eBay, Walmart, etc.)  
- Contact customer service with the order number TN1002 for assistance  
- Refer to any packing slip or invoice associated with the order  

If you can provide more"
What is the status of order TN1003?,1.9627641999395564,"I'm sorry, but I don't have access to real-time order databases, internal systems, or customer order information — including order TN1003. My capabilities are limited to providing general information, answering questions based on trained knowledge, and assisting with reasoning or analysis — not retrieving live or proprietary data.

To check the status of order TN1003, I recommend:

- Logging into your account on the retailer’s or service provider’s website  
- Checking your email for order confirmation or shipping updates  
- Contacting customer support directly with your order number (TN1003) for the most accurate and up"
When will order TN1001 arrive?,1.4045050999848172,"I’m sorry, but I don’t have access to real-time order tracking systems, shipping databases, or personal account information — including order numbers like TN1001. To find out when your order TN1001 will arrive, I recommend:

1. **Checking your order confirmation email** — it often includes tracking details and estimated delivery dates.
2. **Logging into your account** on the retailer’s website (e.g., Amazon, Best Buy, Walmart, etc.) and viewing your order history.
3. **Using the tracking number** provided in your confirmation email on the carrier’s website (e.g., U"
When will order TN1002 arrive?,2.1130316999042407,"I'm sorry, but I don't have access to real-time order tracking systems, shipping databases, or personal account information — including details about order TN1002. To find out when your order will arrive, I recommend:

- Checking the confirmation email or receipt you received when placing the order (it often includes tracking info and estimated delivery dates).
- Logging into your account on the retailer’s website or app (e.g., Amazon, Walmart, Best Buy, etc.) and viewing your order history.
- Using the tracking number provided in your order confirmation to check the carrier’s website (like UPS, FedEx, US"
Can I get free shipping?,4.977807299932465,"I’d be happy to help you with free shipping! However, to give you an accurate answer, I need a bit more context:

- **Which store or website** are you shopping from? (e.g., Amazon, Walmart, Target, a specific brand’s site, etc.)
- Are you looking for **free shipping on a current order**, or are you asking about **general policies** (like free shipping thresholds, membership benefits, or promo codes)?
- Do you have an **account** with the retailer? Some offer free shipping for members (like Amazon Prime, Walmart+, or loyalty programs).
- Are you eligible"
How many days do I have to return an item?,1.7476031000260264,"The number of days you have to return an item depends on the retailer’s return policy, as there is no universal standard. However, here are common return windows you’re likely to encounter:

### Typical Return Periods:
- **30 days** – Most common for major retailers (e.g., Amazon, Best Buy, Target, Walmart).
- **14–15 days** – Common for electronics, software, or high-value items (e.g., Apple, some electronics stores).
- **60–90 days** – Offered by some retailers for customer loyalty or seasonal items (e.g., Costco,"
Does TechNova provide a manufacturer warranty?,1.5286635999800637,"Actually, **TechNova** is not a real company — it appears to be a fictional or placeholder name often used in examples, case studies, or hypothetical scenarios (e.g., in business training, marketing materials, or AI-generated content). As such, **TechNova does not exist as a real manufacturer**, and therefore, it does not provide a real manufacturer warranty.

If you encountered “TechNova” in a specific context — such as a product manual, website, or advertisement — it may be:

- A **brand name used for illustrative purposes** (common in textbooks or software demos),
- A **typo or misremember"
Tell me about TechNova's shipping.,1.3504900999832898,"I'm sorry, but I don't have any information about a company called ""TechNova"" or its shipping practices in my knowledge base. It's possible that TechNova is a small, regional, or newly established company, or it may not be widely documented in publicly available sources up to my last update in 2024.

To get accurate and up-to-date information about TechNova’s shipping policies — such as delivery times, shipping methods, international options, tracking, or fees — I recommend:

- Visiting their official website (look for a “Shipping” or “FAQ” section)  
- Contacting their"
Tell me about TechNova's return policy.,1.3146135000279173,"I'm sorry, but I don’t have access to specific information about a company called “TechNova” or its return policy. “TechNova” is not a widely recognized global brand in public databases or retail records as of my knowledge cutoff in 2024, and it may be a smaller, regional, or newly established company — or possibly a fictional or internal name.

To get accurate details about TechNova’s return policy, I recommend:

- Visiting their official website and looking for a “Returns,” “Refunds,” or “Customer Service” section.
- Checking your order confirmation email or receipt — return instructions are"
