question,latency_seconds
Where is my order TN1001?,3.9732186999171972
Where is my order TN1002?,17.96846350003034
Where is my order TN1003?,2.28851730003953
What is the return policy?,28.269772300031036
What is the warranty policy?,2.455180599936284
What is the shipping policy?,2.9051240999251604
How long does standard shipping take?,3.084654700011015
Is shipping free?,2.1755928000202402
Can I return an electronic product?,5.660216499934904
How long is the warranty?,12.176382999983616
What item is in order TN1001?,1.9953029000898823
What item is in order TN1002?,2.459909199969843
What is the status of order TN1003?,2.228842500015162
When will order TN1001 arrive?,3.685642799944617
When will order TN1002 arrive?,2.2013280999381095
Can I get free shipping?,1.807798899943009
How many days do I have to return an item?,1.913520299945958
Does TechNova provide a manufacturer warranty?,2.7232126999879256
Tell me about TechNova's shipping.,2.5739990000147372
Tell me about TechNova's return policy.,4.099694199976511
